,Nombre Ruta,Descripción,Lugares,Tipo de ruta,Duración,Kilómetros,Dificultad,Esfuerzo
0,"Pico Morenzon, Circo de Gredos ","“Descubre la montaña con nuestra ruta ideal para principiantes. Partiendo de la plataforma de Gredos, ascendemos por Prado Pozas hasta el refugio de Reguero Llano. Iniciamos la subida al Balcón de Gredos (Pico Morezón) para disfrutar de las mejores vistas del Circo de Gredos y el valle del Tietar. Desde allí, divisamos picos lejanos como los Montes de Toledo y La Mira, con el majestuoso Pico Almanzor ante nosotros. La bajada nos lleva al mítico Refugio El Rey. ¡Una experiencia alegre y llena de paisajes impresionantes!”","Sierra de Gredos, salida desde la Plataforma de Gredos. Sector Central",circular.,4 horas.,10.0,Dificultad técnica: alta. (Dependerá de la estación del año).,bajo – medio
1,"Pico Morenzon, Circo de Gredos ","“Descubre la montaña con nuestra ruta ideal para principiantes. Partiendo de la plataforma de Gredos, ascendemos por Prado Pozas hasta el refugio de Reguero Llano. Iniciamos la subida al Balcón de Gredos (Pico Morezón) para disfrutar de las mejores vistas del Circo de Gredos y el valle del Tietar. Desde allí, divisamos picos lejanos como los Montes de Toledo y La Mira, con el majestuoso Pico Almanzor ante nosotros. La bajada nos lleva al mítico Refugio El Rey. ¡Una experiencia alegre y llena de paisajes impresionantes!”","Sierra de Gredos, salida desde la Plataforma de Gredos. Sector Central",circular.,4 horas.,10.0,Dificultad técnica: alta. (Dependerá de la estación del año).,bajo – medio
2,"Pico Morenzon, Circo de Gredos ","“Descubre la montaña con nuestra ruta ideal para principiantes. Partiendo de la plataforma de Gredos, ascendemos por Prado Pozas hasta el refugio de Reguero Llano. Iniciamos la subida al Balcón de Gredos (Pico Morezón) para disfrutar de las mejores vistas del Circo de Gredos y el valle del Tietar. Desde allí, divisamos picos lejanos como los Montes de Toledo y La Mira, con el majestuoso Pico Almanzor ante nosotros. La bajada nos lleva al mítico Refugio El Rey. ¡Una experiencia alegre y llena de paisajes impresionantes!”","Sierra de Gredos, salida desde la Plataforma de Gredos. Sector Central",circular.,4 horas.,10.0,Dificultad técnica: alta. (Dependerá de la estación del año).,bajo – medio
3,"Pico Morenzon, Circo de Gredos ","“Descubre la montaña con nuestra ruta ideal para principiantes. Partiendo de la plataforma de Gredos, ascendemos por Prado Pozas hasta el refugio de Reguero Llano. Iniciamos la subida al Balcón de Gredos (Pico Morezón) para disfrutar de las mejores vistas del Circo de Gredos y el valle del Tietar. Desde allí, divisamos picos lejanos como los Montes de Toledo y La Mira, con el majestuoso Pico Almanzor ante nosotros. La bajada nos lleva al mítico Refugio El Rey. ¡Una experiencia alegre y llena de paisajes impresionantes!”","Sierra de Gredos, salida desde la Plataforma de Gredos. Sector Central",circular.,4 horas.,10.0,Dificultad técnica: alta. (Dependerá de la estación del año).,bajo – medio
4,"Pico Morenzon, Circo de Gredos ","“Descubre la montaña con nuestra ruta ideal para principiantes. Partiendo de la plataforma de Gredos, ascendemos por Prado Pozas hasta el refugio de Reguero Llano. Iniciamos la subida al Balcón de Gredos (Pico Morezón) para disfrutar de las mejores vistas del Circo de Gredos y el valle del Tietar. Desde allí, divisamos picos lejanos como los Montes de Toledo y La Mira, con el majestuoso Pico Almanzor ante nosotros. La bajada nos lleva al mítico Refugio El Rey. ¡Una experiencia alegre y llena de paisajes impresionantes!”","Sierra de Gredos, salida desde la Plataforma de Gredos. Sector Central",circular.,4 horas.,10.0,Dificultad técnica: alta. (Dependerá de la estación del año).,bajo – medio
5,"Pico Morenzon, Circo de Gredos ","“Descubre la montaña con nuestra ruta ideal para principiantes. Partiendo de la plataforma de Gredos, ascendemos por Prado Pozas hasta el refugio de Reguero Llano. Iniciamos la subida al Balcón de Gredos (Pico Morezón) para disfrutar de las mejores vistas del Circo de Gredos y el valle del Tietar. Desde allí, divisamos picos lejanos como los Montes de Toledo y La Mira, con el majestuoso Pico Almanzor ante nosotros. La bajada nos lleva al mítico Refugio El Rey. ¡Una experiencia alegre y llena de paisajes impresionantes!”","Sierra de Gredos, salida desde la Plataforma de Gredos. Sector Central",circular.,4 horas.,10.0,Dificultad técnica: alta. (Dependerá de la estación del año).,bajo – medio
6,"Pico Morenzon, Circo de Gredos ","“Descubre la montaña con nuestra ruta ideal para principiantes. Partiendo de la plataforma de Gredos, ascendemos por Prado Pozas hasta el refugio de Reguero Llano. Iniciamos la subida al Balcón de Gredos (Pico Morezón) para disfrutar de las mejores vistas del Circo de Gredos y el valle del Tietar. Desde allí, divisamos picos lejanos como los Montes de Toledo y La Mira, con el majestuoso Pico Almanzor ante nosotros. La bajada nos lleva al mítico Refugio El Rey. ¡Una experiencia alegre y llena de paisajes impresionantes!”","Sierra de Gredos, salida desde la Plataforma de Gredos. Sector Central",circular.,4 horas.,10.0,Dificultad técnica: alta. (Dependerá de la estación del año).,bajo – medio
7,"Pico Morenzon, Circo de Gredos ","“Descubre la montaña con nuestra ruta ideal para principiantes. Partiendo de la plataforma de Gredos, ascendemos por Prado Pozas hasta el refugio de Reguero Llano. Iniciamos la subida al Balcón de Gredos (Pico Morezón) para disfrutar de las mejores vistas del Circo de Gredos y el valle del Tietar. Desde allí, divisamos picos lejanos como los Montes de Toledo y La Mira, con el majestuoso Pico Almanzor ante nosotros. La bajada nos lleva al mítico Refugio El Rey. ¡Una experiencia alegre y llena de paisajes impresionantes!”","Sierra de Gredos, salida desde la Plataforma de Gredos. Sector Central",circular.,4 horas.,10.0,Dificultad técnica: alta. (Dependerá de la estación del año).,bajo – medio
8,"Pico Morenzon, Circo de Gredos ","“Descubre la montaña con nuestra ruta ideal para principiantes. Partiendo de la plataforma de Gredos, ascendemos por Prado Pozas hasta el refugio de Reguero Llano. Iniciamos la subida al Balcón de Gredos (Pico Morezón) para disfrutar de las mejores vistas del Circo de Gredos y el valle del Tietar. Desde allí, divisamos picos lejanos como los Montes de Toledo y La Mira, con el majestuoso Pico Almanzor ante nosotros. La bajada nos lleva al mítico Refugio El Rey. ¡Una experiencia alegre y llena de paisajes impresionantes!”","Sierra de Gredos, salida desde la Plataforma de Gredos. Sector Central",circular.,4 horas.,10.0,Dificultad técnica: alta. (Dependerá de la estación del año).,bajo – medio
9,"Pico Morenzon, Circo de Gredos ","“Descubre la montaña con nuestra ruta ideal para principiantes. Partiendo de la plataforma de Gredos, ascendemos por Prado Pozas hasta el refugio de Reguero Llano. Iniciamos la subida al Balcón de Gredos (Pico Morezón) para disfrutar de las mejores vistas del Circo de Gredos y el valle del Tietar. Desde allí, divisamos picos lejanos como los Montes de Toledo y La Mira, con el majestuoso Pico Almanzor ante nosotros. La bajada nos lleva al mítico Refugio El Rey. ¡Una experiencia alegre y llena de paisajes impresionantes!”","Sierra de Gredos, salida desde la Plataforma de Gredos. Sector Central",circular.,4 horas.,10.0,Dificultad técnica: alta. (Dependerá de la estación del año).,bajo – medio
